Class,Sensitivity,Specificity,Pos Pred Value,Neg Pred Value,Precision,Recall,F1,Prevalence,Detection Rate,Detection Prevalence,Balanced Accuracy
Class: neutral,0.731457800511509,0.6267281105990783,0.8759571209800919,0.39306358381502887,0.8759571209800919,0.731457800511509,0.797212543554007,0.7827827827827828,0.5725725725725725,0.6536536536536537,0.6790929555552936
Class: negative,0.6949152542372882,0.8425531914893617,0.21693121693121695,0.9777777777777777,0.21693121693121692,0.6949152542372882,0.33064516129032256,0.05905905905905906,0.04104104104104104,0.1891891891891892,0.7687342228633249
Class: positive,0.4620253164556962,0.9001189060642093,0.4649681528662421,0.8990498812351544,0.46496815286624205,0.4620253164556962,0.4634920634920635,0.15815815815815815,0.07307307307307308,0.15715715715715717,0.6810721112599527
