accuracy_variable,gpt4omini
Accuracy,0.6866866866866866
Kappa,0.3072920128135258
AccuracyLower,0.6569040047215955
AccuracyUpper,0.7153644935383296
AccuracyNull,0.7827827827827828
AccuracyPValue,0.9999999999993041
McnemarPValue,2.861970607969669e-22
