Class,Sensitivity,Specificity,Pos Pred Value,Neg Pred Value,Precision,Recall,F1,Prevalence,Detection Rate,Detection Prevalence,Balanced Accuracy
Class: neutral,0.768542199488491,0.5852534562211982,0.869753979739508,0.4123376623376623,0.869753979739508,0.768542199488491,0.8160217243720297,0.7827827827827828,0.6016016016016016,0.6916916916916916,0.6768978278548445
Class: negative,0.5932203389830508,0.9106382978723404,0.2941176470588235,0.9727272727272727,0.29411764705882354,0.5932203389830508,0.3932584269662921,0.05905905905905906,0.035035035035035036,0.11911911911911911,0.7519293184276956
Class: positive,0.5189873417721519,0.8727705112960761,0.43386243386243384,0.9061728395061729,0.43386243386243384,0.5189873417721519,0.4726224783861671,0.15815815815815815,0.08208208208208208,0.1891891891891892,0.695878926534114
